"","AV","SD","SR","ASR","SO","TO","SSPW"
"1",12.9357436016978,17.9198680622326,0.387042113123329,0.383254294961163,0.524752866081092,0,0
