"","AV","SD","SR","ASR","SO","TO","SSPW"
"1",12.140841612494,17.6565213996784,0.347794532880406,0.34525082216193,0.47417261688028,0,0
