"","AV","SD","SR","ASR","SO","TO","SSPW"
"1",12.8124929910059,17.8562838152278,0.381517960931839,0.377609617881681,0.518095418997185,0,0
