"","AV","SD","SR","ASR","SO","TO","SSPW"
"1",12.2610423096257,17.6045364401345,0.355649370883283,0.35299426207083,0.483694066054763,0,0
