"","AV","SD","SR","ASR","SO","TO","SSPW"
"1",10.3951022212473,16.1229602560411,0.272598961446949,0.270243686668768,0.380385613887143,0,0
