"","AV","SD","SR","ASR","SO","TO","SSPW"
"1",10.2115826721317,15.9892317640054,0.26340118989411,0.261164783736337,0.367972758175967,0,0
