"","AV","SD","SR","ASR","SO","TO","SSPW"
"1",13.2474696419418,17.8802694959736,0.405333356053376,0.401009594447049,0.547445625944788,0,0
