"","AV","SD","SR","ASR","SO","TO","SSPW"
"1",10.2124704462281,15.982659750683,0.263565045614393,0.261294717215139,0.36839640886174,0,0
