"","AV","SD","SR","ASR","SO","TO","SSPW"
"1",10.0808911129739,15.7405844670154,0.259259185802498,0.257535853508,0.360165350156426,0,0
