"","AV","SD","SR","ASR","SO","TO","SSPW"
"1",12.0812123736219,17.6713228194479,0.344128871152151,0.341659917624638,0.469554005925032,0,0
