"","AV","SD","SR","ASR","SO","TO","SSPW"
"1",12.0864024358314,17.6701574768346,0.344445285437359,0.341969795345673,0.469959620945032,0,0
