"","AV","SD","SR","ASR","SO","TO","SSPW"
"1",10.0887666012316,15.755624256837,0.25951155819531,0.257752509472225,0.360755139046758,0,0
