"","AV","SD","SR","ASR","SO","TO","SSPW"
"1",12.9363108622789,17.9122378264941,0.387238653788941,0.383324241593772,0.525507189267592,0,0
