"","AV","SD","SR","ASR","SO","TO","SSPW"
"1",10.3251512758099,15.8612604566448,0.272686479591722,0.270163959398132,0.380821418254336,0,0
