"","AV","SD","SR","ASR","SO","TO","SSPW"
"1",10.1953937516332,15.872699701283,0.264315071196998,0.262049296137556,0.369324126417962,0,0
