"","AV","SD","SR","ASR","SO","TO","SSPW"
"1",11.9705322984323,17.8726888781247,0.334058984585133,0.332104980282845,0.453457112283695,0,0
