"","AV","SD","SR","ASR","SO","TO","SSPW"
"1",10.0804621005994,15.7394159773288,0.259251175931621,0.257530099658428,0.360137194366356,0,0
