"","AV","SD","SR","ASR","SO","TO","SSPW"
"1",12.8978715223616,17.8855535946299,0.385667208222878,0.3816409204505,0.523947742020736,0,0
