"","AV","SD","SR","ASR","SO","TO","SSPW"
"1",10.4400090162878,16.4643246033989,0.269674531038532,0.266777469354262,0.379730548013991,0,0
