"","AV","SD","SR","ASR","SO","TO","SSPW"
"1",13.2670829576763,17.7980472338126,0.408307881320279,0.403934017808587,0.551365973695211,0,0
