"","AV","SD","SR","ASR","SO","TO","SSPW"
"1",9.69005745559264,15.4699743907657,0.238530288569534,0.237553655207096,0.328176210547228,0,0
