"","AV","SD","SR","ASR","SO","TO","SSPW"
"1",10.4779627795938,16.0598713311014,0.278829306117901,0.276378038270164,0.388469851060891,0,0
