"","AV","SD","SR","ASR","SO","TO","SSPW"
"1",14.004875711539,17.9416399183642,0.446161875277948,0.438100435667467,0.604604118005649,0,0
