"","AV","SD","SR","ASR","SO","TO","SSPW"
"1",12.9442171522926,17.9040559614721,0.387857207731921,0.383806906830284,0.526770167365342,0,0
