"","AV","SD","SR","ASR","SO","TO","SSPW"
"1",10.2116666458791,15.9957971590548,0.263298327929535,0.261094665028675,0.36762949171575,0,0
