"","AV","SD","SR","ASR","SO","TO","SSPW"
"1",10.2118826804945,15.7457359933852,0.267493541252306,0.265624164531843,0.371046394159695,0,0
